VALUE,FISCAL_YR,CALENDAR_YR,DIST_TYPE,SEVERITY,SEV_SOURCE,PRIMARY_SOURCE,SECONDARY_SOURCE,DESCRIPTION,R,G,B,RED,GREEN,BLUE
-9999,2025,2025,Fill-NoData,Fill-NoData,Fill-NoData,Fill-NoData,Fill-NoData,Fill-NoData,255,255,255,1.000000,1.000000,1.000000
0,2025,2025,NA,NA,NA,NA,NA,Background,0,0,0,0.000000,0.000000,0.000000
2001,2025,2025,Water,NA,NA,LANDFIRE Water Mask,NA,Water body or other non-mappable land cover type,0,0,255,0.000000,0.000000,1.000000
2011,2025,2025,Fire,Unburned/Low,MTBS,MTBS Wildfire,NA,MTBS Provisional Initial Assessment (PIA)-mapped wildfire; replaced by MTBS Extended Assessment data if available,255,0,0,1.000000,0.000000,0.000000
2012,2025,2025,Fire,Low,MTBS,MTBS Wildfire,NA,MTBS Provisional Initial Assessment (PIA)-mapped wildfire; replaced by MTBS Extended Assessment data if available,255,0,0,1.000000,0.000000,0.000000
2013,2025,2025,Fire,Moderate,MTBS,MTBS Wildfire,NA,MTBS Provisional Initial Assessment (PIA)-mapped wildfire; replaced by MTBS Extended Assessment data if available,255,0,0,1.000000,0.000000,0.000000
2014,2025,2025,Fire,High,MTBS,MTBS Wildfire,NA,MTBS Provisional Initial Assessment (PIA)-mapped wildfire; replaced by MTBS Extended Assessment data if available,255,0,0,1.000000,0.000000,0.000000
2015,2025,2025,Fire,Increased Green,MTBS,MTBS Wildfire,NA,MTBS Provisional Initial Assessment (PIA)-mapped wildfire; replaced by MTBS Extended Assessment data if available,255,0,0,1.000000,0.000000,0.000000
2021,2025,2024,Fire,Unburned/Low,MTBS,MTBS Wildfire,NA,MTBS Provisional Initial Assessment (PIA)-mapped wildfire; replaced by MTBS Extended Assessment data if available,255,0,0,1.000000,0.000000,0.000000
2022,2025,2024,Fire,Low,MTBS,MTBS Wildfire,NA,MTBS Provisional Initial Assessment (PIA)-mapped wildfire; replaced by MTBS Extended Assessment data if available,255,0,0,1.000000,0.000000,0.000000
2023,2025,2024,Fire,Moderate,MTBS,MTBS Wildfire,NA,MTBS Provisional Initial Assessment (PIA)-mapped wildfire; replaced by MTBS Extended Assessment data if available,255,0,0,1.000000,0.000000,0.000000
2024,2025,2024,Fire,High,MTBS,MTBS Wildfire,NA,MTBS Provisional Initial Assessment (PIA)-mapped wildfire; replaced by MTBS Extended Assessment data if available,255,0,0,1.000000,0.000000,0.000000
2025,2025,2024,Fire,Increased Green,MTBS,MTBS Wildfire,NA,MTBS Provisional Initial Assessment (PIA)-mapped wildfire; replaced by MTBS Extended Assessment data if available,255,0,0,1.000000,0.000000,0.000000
2031,2025,2025,Fire,Unburned/Low,MTBS,MTBS Wildfire,Decision Tree Modeled by LANDFIRE,MTBS Provisional Initial Assessment (PIA) no-data gaps filled with See5-modeled severity; replaced by Extended Assessment data if available ,255,0,0,1.000000,0.000000,0.000000
2032,2025,2025,Fire,Low,MTBS,MTBS Wildfire,Decision Tree Modeled by LANDFIRE,MTBS Provisional Initial Assessment (PIA) no-data gaps filled with See5-modeled severity; replaced by Extended Assessment data if available ,255,0,0,1.000000,0.000000,0.000000
2033,2025,2025,Fire,Moderate,MTBS,MTBS Wildfire,Decision Tree Modeled by LANDFIRE,MTBS Provisional Initial Assessment (PIA) no-data gaps filled with See5-modeled severity; replaced by Extended Assessment data if available ,255,0,0,1.000000,0.000000,0.000000
2034,2025,2025,Fire,High,MTBS,MTBS Wildfire,Decision Tree Modeled by LANDFIRE,MTBS Provisional Initial Assessment (PIA) no-data gaps filled with See5-modeled severity; replaced by Extended Assessment data if available ,255,0,0,1.000000,0.000000,0.000000
2035,2025,2025,Fire,Increased Green,MTBS,MTBS Wildfire,Decision Tree Modeled by LANDFIRE,MTBS Provisional Initial Assessment (PIA) no-data gaps filled with See5-modeled severity; replaced by Extended Assessment data if available ,255,0,0,1.000000,0.000000,0.000000
2041,2025,2024,Fire,Unburned/Low,MTBS,MTBS Wildfire,Decision Tree Modeled by LANDFIRE,MTBS Provisional Initial Assessment (PIA) no-data gaps filled with See5-modeled severity; replaced by Extended Assessment data if available ,255,0,0,1.000000,0.000000,0.000000
2042,2025,2024,Fire,Low,MTBS,MTBS Wildfire,Decision Tree Modeled by LANDFIRE,MTBS Provisional Initial Assessment (PIA) no-data gaps filled with See5-modeled severity; replaced by Extended Assessment data if available ,255,0,0,1.000000,0.000000,0.000000
2043,2025,2024,Fire,Moderate,MTBS,MTBS Wildfire,Decision Tree Modeled by LANDFIRE,MTBS Provisional Initial Assessment (PIA) no-data gaps filled with See5-modeled severity; replaced by Extended Assessment data if available ,255,0,0,1.000000,0.000000,0.000000
2044,2025,2024,Fire,High,MTBS,MTBS Wildfire,Decision Tree Modeled by LANDFIRE,MTBS Provisional Initial Assessment (PIA) no-data gaps filled with See5-modeled severity; replaced by Extended Assessment data if available ,255,0,0,1.000000,0.000000,0.000000
2045,2025,2024,Fire,Increased Green,MTBS,MTBS Wildfire,Decision Tree Modeled by LANDFIRE,MTBS Provisional Initial Assessment (PIA) no-data gaps filled with See5-modeled severity; replaced by Extended Assessment data if available ,255,0,0,1.000000,0.000000,0.000000
2051,2025,2025,Fire,Unburned/Low,MTBS,MTBS Prescribed Fire,NA,MTBS Provisional Initial Assessment (PIA)-mapped prescribed fire; replaced by MTBS Extended Assessment data if available,255,0,0,1.000000,0.000000,0.000000
2052,2025,2025,Fire,Low,MTBS,MTBS Prescribed Fire,NA,MTBS Provisional Initial Assessment (PIA)-mapped prescribed fire; replaced by MTBS Extended Assessment data if available,255,0,0,1.000000,0.000000,0.000000
2053,2025,2025,Fire,Moderate,MTBS,MTBS Prescribed Fire,NA,MTBS Provisional Initial Assessment (PIA)-mapped prescribed fire; replaced by MTBS Extended Assessment data if available,255,0,0,1.000000,0.000000,0.000000
2054,2025,2025,Fire,High,MTBS,MTBS Prescribed Fire,NA,MTBS Provisional Initial Assessment (PIA)-mapped prescribed fire; replaced by MTBS Extended Assessment data if available,255,0,0,1.000000,0.000000,0.000000
2055,2025,2025,Fire,Increased Green,MTBS,MTBS Prescribed Fire,NA,MTBS Provisional Initial Assessment (PIA)-mapped prescribed fire; replaced by MTBS Extended Assessment data if available,255,0,0,1.000000,0.000000,0.000000
2061,2025,2024,Fire,Unburned/Low,MTBS,MTBS Prescribed Fire,NA,MTBS Provisional Initial Assessment (PIA)-mapped prescribed fire; replaced by MTBS Extended Assessment data if available,255,0,0,1.000000,0.000000,0.000000
2062,2025,2024,Fire,Low,MTBS,MTBS Prescribed Fire,NA,MTBS Provisional Initial Assessment (PIA)-mapped prescribed fire; replaced by MTBS Extended Assessment data if available,255,0,0,1.000000,0.000000,0.000000
2063,2025,2024,Fire,Moderate,MTBS,MTBS Prescribed Fire,NA,MTBS Provisional Initial Assessment (PIA)-mapped prescribed fire; replaced by MTBS Extended Assessment data if available,255,0,0,1.000000,0.000000,0.000000
2064,2025,2024,Fire,High,MTBS,MTBS Prescribed Fire,NA,MTBS Provisional Initial Assessment (PIA)-mapped prescribed fire; replaced by MTBS Extended Assessment data if available,255,0,0,1.000000,0.000000,0.000000
2065,2025,2024,Fire,Increased Green,MTBS,MTBS Prescribed Fire,NA,MTBS Provisional Initial Assessment (PIA)-mapped prescribed fire; replaced by MTBS Extended Assessment data if available,255,0,0,1.000000,0.000000,0.000000
2071,2025,2025,Fire,Unburned/Low,MTBS,MTBS Prescribed Fire,Decision Tree Modeled by LANDFIRE,MTBS Provisional Initial Assessment (PIA) no-data gaps filled with See5-modeled severity; replaced by Extended Assessment data if available ,255,0,0,1.000000,0.000000,0.000000
2072,2025,2025,Fire,Low,MTBS,MTBS Prescribed Fire,Decision Tree Modeled by LANDFIRE,MTBS Provisional Initial Assessment (PIA) no-data gaps filled with See5-modeled severity; replaced by Extended Assessment data if available ,255,0,0,1.000000,0.000000,0.000000
2073,2025,2025,Fire,Moderate,MTBS,MTBS Prescribed Fire,Decision Tree Modeled by LANDFIRE,MTBS Provisional Initial Assessment (PIA) no-data gaps filled with See5-modeled severity; replaced by Extended Assessment data if available ,255,0,0,1.000000,0.000000,0.000000
2074,2025,2025,Fire,High,MTBS,MTBS Prescribed Fire,Decision Tree Modeled by LANDFIRE,MTBS Provisional Initial Assessment (PIA) no-data gaps filled with See5-modeled severity; replaced by Extended Assessment data if available ,255,0,0,1.000000,0.000000,0.000000
2075,2025,2025,Fire,Increased Green,MTBS,MTBS Prescribed Fire,Decision Tree Modeled by LANDFIRE,MTBS Provisional Initial Assessment (PIA) no-data gaps filled with See5-modeled severity; replaced by Extended Assessment data if available ,255,0,0,1.000000,0.000000,0.000000
2081,2025,2024,Fire,Unburned/Low,MTBS,MTBS Prescribed Fire,Decision Tree Modeled by LANDFIRE,MTBS Provisional Initial Assessment (PIA) no-data gaps filled with See5-modeled severity; replaced by Extended Assessment data if available ,255,0,0,1.000000,0.000000,0.000000
2082,2025,2024,Fire,Low,MTBS,MTBS Prescribed Fire,Decision Tree Modeled by LANDFIRE,MTBS Provisional Initial Assessment (PIA) no-data gaps filled with See5-modeled severity; replaced by Extended Assessment data if available ,255,0,0,1.000000,0.000000,0.000000
2083,2025,2024,Fire,Moderate,MTBS,MTBS Prescribed Fire,Decision Tree Modeled by LANDFIRE,MTBS Provisional Initial Assessment (PIA) no-data gaps filled with See5-modeled severity; replaced by Extended Assessment data if available ,255,0,0,1.000000,0.000000,0.000000
2084,2025,2024,Fire,High,MTBS,MTBS Prescribed Fire,Decision Tree Modeled by LANDFIRE,MTBS Provisional Initial Assessment (PIA) no-data gaps filled with See5-modeled severity; replaced by Extended Assessment data if available ,255,0,0,1.000000,0.000000,0.000000
2085,2025,2024,Fire,Increased Green,MTBS,MTBS Prescribed Fire,Decision Tree Modeled by LANDFIRE,MTBS Provisional Initial Assessment (PIA) no-data gaps filled with See5-modeled severity; replaced by Extended Assessment data if available ,255,0,0,1.000000,0.000000,0.000000
2091,2025,2025,Fire,Unburned/Low,National Park Service,National Park Service,NA,National Park Service-mapped fire,255,0,0,1.000000,0.000000,0.000000
2092,2025,2025,Fire,Low,National Park Service,National Park Service,NA,National Park Service-mapped fire,255,0,0,1.000000,0.000000,0.000000
2093,2025,2025,Fire,Moderate,National Park Service,National Park Service,NA,National Park Service-mapped fire,255,0,0,1.000000,0.000000,0.000000
2094,2025,2025,Fire,High,National Park Service,National Park Service,NA,National Park Service-mapped fire,255,0,0,1.000000,0.000000,0.000000
2095,2025,2025,Fire,Increased Green,National Park Service,National Park Service,NA,National Park Service-mapped fire,255,0,0,1.000000,0.000000,0.000000
2101,2025,2024,Fire,Unburned/Low,National Park Service,National Park Service,NA,National Park Service-mapped fire,255,0,0,1.000000,0.000000,0.000000
2102,2025,2024,Fire,Low,National Park Service,National Park Service,NA,National Park Service-mapped fire,255,0,0,1.000000,0.000000,0.000000
2103,2025,2024,Fire,Moderate,National Park Service,National Park Service,NA,National Park Service-mapped fire,255,0,0,1.000000,0.000000,0.000000
2104,2025,2024,Fire,High,National Park Service,National Park Service,NA,National Park Service-mapped fire,255,0,0,1.000000,0.000000,0.000000
2105,2025,2024,Fire,Increased Green,National Park Service,National Park Service,NA,National Park Service-mapped fire,255,0,0,1.000000,0.000000,0.000000
2111,2025,2025,Fire,Unburned/Low,National Park Service,National Park Service,Decision Tree Modeled by LANDFIRE,NPS no-data gaps filled with See5-modeled severity,255,0,0,1.000000,0.000000,0.000000
2112,2025,2025,Fire,Low,National Park Service,National Park Service,Decision Tree Modeled by LANDFIRE,NPS no-data gaps filled with See5-modeled severity,255,0,0,1.000000,0.000000,0.000000
2113,2025,2025,Fire,Moderate,National Park Service,National Park Service,Decision Tree Modeled by LANDFIRE,NPS no-data gaps filled with See5-modeled severity,255,0,0,1.000000,0.000000,0.000000
2114,2025,2025,Fire,High,National Park Service,National Park Service,Decision Tree Modeled by LANDFIRE,NPS no-data gaps filled with See5-modeled severity,255,0,0,1.000000,0.000000,0.000000
2115,2025,2025,Fire,Increased Green,National Park Service,National Park Service,Decision Tree Modeled by LANDFIRE,NPS no-data gaps filled with See5-modeled severity,255,0,0,1.000000,0.000000,0.000000
2121,2025,2024,Fire,Unburned/Low,National Park Service,National Park Service,Decision Tree Modeled by LANDFIRE,NPS no-data gaps filled with See5-modeled severity,255,0,0,1.000000,0.000000,0.000000
2122,2025,2024,Fire,Low,National Park Service,National Park Service,Decision Tree Modeled by LANDFIRE,NPS no-data gaps filled with See5-modeled severity,255,0,0,1.000000,0.000000,0.000000
2123,2025,2024,Fire,Moderate,National Park Service,National Park Service,Decision Tree Modeled by LANDFIRE,NPS no-data gaps filled with See5-modeled severity,255,0,0,1.000000,0.000000,0.000000
2124,2025,2024,Fire,High,National Park Service,National Park Service,Decision Tree Modeled by LANDFIRE,NPS no-data gaps filled with See5-modeled severity,255,0,0,1.000000,0.000000,0.000000
2125,2025,2024,Fire,Increased Green,National Park Service,National Park Service,Decision Tree Modeled by LANDFIRE,NPS no-data gaps filled with See5-modeled severity,255,0,0,1.000000,0.000000,0.000000
2131,2025,2025,Fire,Unburned/Low,RAVG,RAVG,NA,RAVG-mapped fire,255,0,0,1.000000,0.000000,0.000000
2132,2025,2025,Fire,Low,RAVG,RAVG,NA,RAVG-mapped fire,255,0,0,1.000000,0.000000,0.000000
2133,2025,2025,Fire,Moderate,RAVG,RAVG,NA,RAVG-mapped fire,255,0,0,1.000000,0.000000,0.000000
2134,2025,2025,Fire,High,RAVG,RAVG,NA,RAVG-mapped fire,255,0,0,1.000000,0.000000,0.000000
2141,2025,2024,Fire,Unburned/Low,RAVG,RAVG,NA,RAVG-mapped fire,255,0,0,1.000000,0.000000,0.000000
2142,2025,2024,Fire,Low,RAVG,RAVG,NA,RAVG-mapped fire,255,0,0,1.000000,0.000000,0.000000
2143,2025,2024,Fire,Moderate,RAVG,RAVG,NA,RAVG-mapped fire,255,0,0,1.000000,0.000000,0.000000
2144,2025,2024,Fire,High,RAVG,RAVG,NA,RAVG-mapped fire,255,0,0,1.000000,0.000000,0.000000
2151,2025,2025,Fire,Unburned/Low,RAVG,RAVG,Decision Tree Modeled by LANDFIRE,RAVG  no-data gaps filled with See5-modeled severity,255,0,0,1.000000,0.000000,0.000000
2152,2025,2025,Fire,Low,RAVG,RAVG,Decision Tree Modeled by LANDFIRE,RAVG  no-data gaps filled with See5-modeled severity,255,0,0,1.000000,0.000000,0.000000
2153,2025,2025,Fire,Moderate,RAVG,RAVG,Decision Tree Modeled by LANDFIRE,RAVG  no-data gaps filled with See5-modeled severity,255,0,0,1.000000,0.000000,0.000000
2154,2025,2025,Fire,High,RAVG,RAVG,Decision Tree Modeled by LANDFIRE,RAVG  no-data gaps filled with See5-modeled severity,255,0,0,1.000000,0.000000,0.000000
2161,2025,2024,Fire,Unburned/Low,RAVG,RAVG,Decision Tree Modeled by LANDFIRE,RAVG  no-data gaps filled with See5-modeled severity,255,0,0,1.000000,0.000000,0.000000
2162,2025,2024,Fire,Low,RAVG,RAVG,Decision Tree Modeled by LANDFIRE,RAVG  no-data gaps filled with See5-modeled severity,255,0,0,1.000000,0.000000,0.000000
2163,2025,2024,Fire,Moderate,RAVG,RAVG,Decision Tree Modeled by LANDFIRE,RAVG  no-data gaps filled with See5-modeled severity,255,0,0,1.000000,0.000000,0.000000
2164,2025,2024,Fire,High,RAVG,RAVG,Decision Tree Modeled by LANDFIRE,RAVG  no-data gaps filled with See5-modeled severity,255,0,0,1.000000,0.000000,0.000000
2171,2025,2025,Fire,Unburned/Low,BARC,BARC,NA,BARC-mapped fire,255,0,0,1.000000,0.000000,0.000000
2172,2025,2025,Fire,Low,BARC,BARC,NA,BARC-mapped fire,255,0,0,1.000000,0.000000,0.000000
2173,2025,2025,Fire,Moderate,BARC,BARC,NA,BARC-mapped fire,255,0,0,1.000000,0.000000,0.000000
2174,2025,2025,Fire,High,BARC,BARC,NA,BARC-mapped fire,255,0,0,1.000000,0.000000,0.000000
2181,2025,2024,Fire,Unburned/Low,BARC,BARC,NA,BARC-mapped fire,255,0,0,1.000000,0.000000,0.000000
2182,2025,2024,Fire,Low,BARC,BARC,NA,BARC-mapped fire,255,0,0,1.000000,0.000000,0.000000
2183,2025,2024,Fire,Moderate,BARC,BARC,NA,BARC-mapped fire,255,0,0,1.000000,0.000000,0.000000
2184,2025,2024,Fire,High,BARC,BARC,NA,BARC-mapped fire,255,0,0,1.000000,0.000000,0.000000
2191,2025,2025,Fire,Unburned/Low,BARC,BARC,Decision Tree Modeled by LANDFIRE,BARC  no-data gaps filled with See5-modeled severity,255,0,0,1.000000,0.000000,0.000000
2192,2025,2025,Fire,Low,BARC,BARC,Decision Tree Modeled by LANDFIRE,BARC  no-data gaps filled with See5-modeled severity,255,0,0,1.000000,0.000000,0.000000
2193,2025,2025,Fire,Moderate,BARC,BARC,Decision Tree Modeled by LANDFIRE,BARC  no-data gaps filled with See5-modeled severity,255,0,0,1.000000,0.000000,0.000000
2194,2025,2025,Fire,High,BARC,BARC,Decision Tree Modeled by LANDFIRE,BARC  no-data gaps filled with See5-modeled severity,255,0,0,1.000000,0.000000,0.000000
2201,2025,2024,Fire,Unburned/Low,BARC,BARC,Decision Tree Modeled by LANDFIRE,BARC  no-data gaps filled with See5-modeled severity,255,0,0,1.000000,0.000000,0.000000
2202,2025,2024,Fire,Low,BARC,BARC,Decision Tree Modeled by LANDFIRE,BARC  no-data gaps filled with See5-modeled severity,255,0,0,1.000000,0.000000,0.000000
2203,2025,2024,Fire,Moderate,BARC,BARC,Decision Tree Modeled by LANDFIRE,BARC  no-data gaps filled with See5-modeled severity,255,0,0,1.000000,0.000000,0.000000
2204,2025,2024,Fire,High,BARC,BARC,Decision Tree Modeled by LANDFIRE,BARC  no-data gaps filled with See5-modeled severity,255,0,0,1.000000,0.000000,0.000000
2801,2025,2025,Development,Low,Pre-assigned by LANDFIRE according to disturbance type,LANDFIRE Events Geodatabase,NA,Development LANDFIRE Events Geodatabase polygon. Image-based severity unavailable so assigned Low based on disturbance type.,191,191,191,0.749000,0.749000,0.749000
2805,2025,2024,Development,Low,Pre-assigned by LANDFIRE according to disturbance type,LANDFIRE Events Geodatabase,NA,Development LANDFIRE Events Geodatabase polygon. Image-based severity unavailable so assigned Low based on disturbance type.,191,191,191,0.749000,0.749000,0.749000
2813,2025,2025,Clearcut,High,Pre-assigned by LANDFIRE according to disturbance type,LANDFIRE Events Geodatabase,NA,Clearcut LANDFIRE Events Geodatabase polygon. Image-based severity unavailable so assigned High based on disturbance type.,128,97,69,0.502000,0.380400,0.270600
2817,2025,2024,Clearcut,High,Pre-assigned by LANDFIRE according to disturbance type,LANDFIRE Events Geodatabase,NA,Clearcut LANDFIRE Events Geodatabase polygon. Image-based severity unavailable so assigned High based on disturbance type.,128,97,69,0.502000,0.380400,0.270600
2821,2025,2025,Harvest,Low,Pre-assigned by LANDFIRE according to disturbance type,LANDFIRE Events Geodatabase,NA,Harvest LANDFIRE Events Geodatabase polygon. Image-based severity unavailable so assigned Low based on disturbance type.,255,255,119,1.000000,1.000000,0.466700
2825,2025,2024,Harvest,Low,Pre-assigned by LANDFIRE according to disturbance type,LANDFIRE Events Geodatabase,NA,Harvest LANDFIRE Events Geodatabase polygon. Image-based severity unavailable so assigned Low based on disturbance type.,255,255,119,1.000000,1.000000,0.466700
2831,2025,2025,Thinning,Low,Pre-assigned by LANDFIRE according to disturbance type,LANDFIRE Events Geodatabase,NA,Thinning LANDFIRE Events Geodatabase polygon. Image-based severity unavailable so assigned Low based on disturbance type.,181,156,114,0.709800,0.611800,0.447100
2835,2025,2024,Thinning,Low,Pre-assigned by LANDFIRE according to disturbance type,LANDFIRE Events Geodatabase,NA,Thinning LANDFIRE Events Geodatabase polygon. Image-based severity unavailable so assigned Low based on disturbance type.,181,156,114,0.709800,0.611800,0.447100
2841,2025,2025,Mastication,Low,Pre-assigned by LANDFIRE according to disturbance type,LANDFIRE Events Geodatabase,NA,Mastication LANDFIRE Events Geodatabase polygon. Image-based severity unavailable so assigned Low based on disturbance type.,255,102,0,1.000000,0.400000,0.000000
2845,2025,2024,Mastication,Low,Pre-assigned by LANDFIRE according to disturbance type,LANDFIRE Events Geodatabase,NA,Mastication LANDFIRE Events Geodatabase polygon. Image-based severity unavailable so assigned Low based on disturbance type.,255,102,0,1.000000,0.400000,0.000000
2851,2025,2025,Mechanical Add,Low,Pre-assigned by LANDFIRE according to disturbance type,LANDFIRE Events Geodatabase,NA,Mechanical Add LANDFIRE Events Geodatabase polygon. Image-based severity unavailable so assigned Low based on disturbance type.,96,255,71,0.376500,1.000000,0.278400
2855,2025,2024,Mechanical Add,Low,Pre-assigned by LANDFIRE according to disturbance type,LANDFIRE Events Geodatabase,NA,Mechanical Add LANDFIRE Events Geodatabase polygon. Image-based severity unavailable so assigned Low based on disturbance type.,96,255,71,0.376500,1.000000,0.278400
2861,2025,2025,Mechanical Remove,Low,Pre-assigned by LANDFIRE according to disturbance type,LANDFIRE Events Geodatabase,NA,Mechanical Remove LANDFIRE Events Geodatabase polygon. Image-based severity unavailable so assigned Low based on disturbance type.,96,255,71,0.376500,1.000000,0.278400
2865,2025,2024,Mechanical Remove,Low,Pre-assigned by LANDFIRE according to disturbance type,LANDFIRE Events Geodatabase,NA,Mechanical Remove LANDFIRE Events Geodatabase polygon. Image-based severity unavailable so assigned Low based on disturbance type.,96,255,71,0.376500,1.000000,0.278400
2871,2025,2025,Mechanical Unknown,Low,Pre-assigned by LANDFIRE according to disturbance type,LANDFIRE Events Geodatabase,NA,Mechanical Unknown LANDFIRE Events Geodatabase polygon. Image-based severity unavailable so assigned Low based on disturbance type.,96,255,71,0.376500,1.000000,0.278400
2875,2025,2024,Mechanical Unknown,Low,Pre-assigned by LANDFIRE according to disturbance type,LANDFIRE Events Geodatabase,NA,Mechanical Unknown LANDFIRE Events Geodatabase polygon. Image-based severity unavailable so assigned Low based on disturbance type.,96,255,71,0.376500,1.000000,0.278400
2882,2025,2025,Wildfire,Moderate,Pre-assigned by LANDFIRE according to disturbance type,LANDFIRE Events Geodatabase,NA,Wildfire LANDFIRE Events Geodatabase polygon. Image-based severity unavailable so assigned Moderate based on disturbance type.,255,0,0,1.000000,0.000000,0.000000
2886,2025,2024,Wildfire,Moderate,Pre-assigned by LANDFIRE according to disturbance type,LANDFIRE Events Geodatabase,NA,Wildfire LANDFIRE Events Geodatabase polygon. Image-based severity unavailable so assigned Moderate based on disturbance type.,255,0,0,1.000000,0.000000,0.000000
2892,2025,2025,Wildland Fire Use,Moderate,Pre-assigned by LANDFIRE according to disturbance type,LANDFIRE Events Geodatabase,NA,Wildland Fire Use LANDFIRE Events Geodatabase polygon. Image-based severity unavailable so assigned Moderate based on disturbance type.,255,0,0,1.000000,0.000000,0.000000
2896,2025,2024,Wildland Fire Use,Moderate,Pre-assigned by LANDFIRE according to disturbance type,LANDFIRE Events Geodatabase,NA,Wildland Fire Use LANDFIRE Events Geodatabase polygon. Image-based severity unavailable so assigned Moderate based on disturbance type.,255,0,0,1.000000,0.000000,0.000000
2901,2025,2025,Prescribed Fire,Low,Pre-assigned by LANDFIRE according to disturbance type,LANDFIRE Events Geodatabase,NA,Prescribed Fire LANDFIRE Events Geodatabase polygon. Image-based severity unavailable so assigned Low based on disturbance type.,173,0,28,0.678400,0.000000,0.109800
2905,2025,2024,Prescribed Fire,Low,Pre-assigned by LANDFIRE according to disturbance type,LANDFIRE Events Geodatabase,NA,Prescribed Fire LANDFIRE Events Geodatabase polygon. Image-based severity unavailable so assigned Low based on disturbance type.,173,0,28,0.678400,0.000000,0.109800
2911,2025,2025,Weather,Low,Pre-assigned by LANDFIRE according to disturbance type,LANDFIRE Events Geodatabase,NA,Weather LANDFIRE Events Geodatabase polygon. Image-based severity unavailable so assigned Low based on disturbance type.,191,191,191,0.749000,0.749000,0.749000
2915,2025,2024,Weather,Low,Pre-assigned by LANDFIRE according to disturbance type,LANDFIRE Events Geodatabase,NA,Weather LANDFIRE Events Geodatabase polygon. Image-based severity unavailable so assigned Low based on disturbance type.,191,191,191,0.749000,0.749000,0.749000
2921,2025,2025,Insecticide,Low,Pre-assigned by LANDFIRE according to disturbance type,LANDFIRE Events Geodatabase,NA,Insecticide LANDFIRE Events Geodatabase polygon. Image-based severity unavailable so assigned Low based on disturbance type.,67,162,181,0.262700,0.635300,0.709800
2925,2025,2024,Insecticide,Low,Pre-assigned by LANDFIRE according to disturbance type,LANDFIRE Events Geodatabase,NA,Insecticide LANDFIRE Events Geodatabase polygon. Image-based severity unavailable so assigned Low based on disturbance type.,67,162,181,0.262700,0.635300,0.709800
2931,2025,2025,Chemical,Low,Pre-assigned by LANDFIRE according to disturbance type,LANDFIRE Events Geodatabase,NA,Chemical LANDFIRE Events Geodatabase polygon. Image-based severity unavailable so assigned Low based on disturbance type.,255,255,0,1.000000,1.000000,0.000000
2935,2025,2024,Chemical,Low,Pre-assigned by LANDFIRE according to disturbance type,LANDFIRE Events Geodatabase,NA,Chemical LANDFIRE Events Geodatabase polygon. Image-based severity unavailable so assigned Low based on disturbance type.,255,255,0,1.000000,1.000000,0.000000
2941,2025,2025,Insects,Low,Pre-assigned by LANDFIRE according to disturbance type,LANDFIRE Events Geodatabase,NA,Insects LANDFIRE Events Geodatabase polygon. Image-based severity unavailable so assigned Low based on disturbance type.,146,232,215,0.572500,0.909800,0.843100
2945,2025,2024,Insects,Low,Pre-assigned by LANDFIRE according to disturbance type,LANDFIRE Events Geodatabase,NA,Insects LANDFIRE Events Geodatabase polygon. Image-based severity unavailable so assigned Low based on disturbance type.,146,232,215,0.572500,0.909800,0.843100
2951,2025,2025,Disease,Low,Pre-assigned by LANDFIRE according to disturbance type,LANDFIRE Events Geodatabase,NA,Disease LANDFIRE Events Geodatabase polygon. Image-based severity unavailable so assigned Low based on disturbance type.,4,45,117,0.015700,0.176500,0.458800
2955,2025,2024,Disease,Low,Pre-assigned by LANDFIRE according to disturbance type,LANDFIRE Events Geodatabase,NA,Disease LANDFIRE Events Geodatabase polygon. Image-based severity unavailable so assigned Low based on disturbance type.,4,45,117,0.015700,0.176500,0.458800
2961,2025,2025,Insects/Disease,Low,Pre-assigned by LANDFIRE according to disturbance type,LANDFIRE Events Geodatabase,NA,Insects/Disease LANDFIRE Events Geodatabase polygon. Image-based severity unavailable so assigned Low based on disturbance type.,0,0,255,0.000000,0.000000,1.000000
2965,2025,2024,Insects/Disease,Low,Pre-assigned by LANDFIRE according to disturbance type,LANDFIRE Events Geodatabase,NA,Insects/Disease LANDFIRE Events Geodatabase polygon. Image-based severity unavailable so assigned Low based on disturbance type.,0,0,255,0.000000,0.000000,1.000000
2971,2025,2025,Herbicide,Low,Pre-assigned by LANDFIRE according to disturbance type,LANDFIRE Events Geodatabase,NA,Herbicide LANDFIRE Events Geodatabase polygon. Image-based severity unavailable so assigned Low based on disturbance type.,192,255,138,0.752900,1.000000,0.541200
2975,2025,2024,Herbicide,Low,Pre-assigned by LANDFIRE according to disturbance type,LANDFIRE Events Geodatabase,NA,Herbicide LANDFIRE Events Geodatabase polygon. Image-based severity unavailable so assigned Low based on disturbance type.,192,255,138,0.752900,1.000000,0.541200
2981,2025,2025,Biological,Low,Pre-assigned by LANDFIRE according to disturbance type,LANDFIRE Events Geodatabase,NA,Biological LANDFIRE Events Geodatabase polygon. Image-based severity unavailable so assigned Low based on disturbance type.,0,51,0,0.000000,0.200000,0.000000
2985,2025,2024,Biological,Low,Pre-assigned by LANDFIRE according to disturbance type,LANDFIRE Events Geodatabase,NA,Biological LANDFIRE Events Geodatabase polygon. Image-based severity unavailable so assigned Low based on disturbance type.,0,51,0,0.000000,0.200000,0.000000
